first_name,last_name,email,gender,city
Flynn,Pygott,fpygott0@google.com.au,Male,Opechenskiy Posad
Elias,Saxon,esaxon1@economist.com,Male,Shahrak
Ruthanne,Vella,rvella2@mtv.com,Female,Banjar Kawan
Bourke,Bratten,bbratten3@unicef.org,Male,Al Qiţena
Hyatt,Luty,hluty4@umn.edu,Male,Glagahdowo
Maximilian,Singers,msingers5@4shared.com,Male,Concepción
Leola,Mathers,lmathers6@csmonitor.com,Female,Zandak
Everett,Websdale,ewebsdale7@miibeian.gov.cn,Male,Governor’s Harbour
Lucian,Raffeorty,lraffeorty8@google.es,Male,Ñuñoa
Leslie,Gatus,lgatus9@feedburner.com,Male,Ikang
Emili,Gibbard,egibbarda@timesonline.co.uk,Female,Lizhai
Ansell,Connerly,aconnerlyb@amazon.co.uk,Male,Mandōl
Brand,Tynemouth,btynemouthc@quantcast.com,Male,Kanzaki
Zed,Lambirth,zlambirthd@seesaa.net,Male,Young
Lammond,Haye,lhayee@myspace.com,Male,Xiangfu
Den,Malster,dmalsterf@zimbio.com,Male,Benešov nad Černou
Fletcher,Gommery,fgommeryg@freewebs.com,Male,Thị Trấn Yên Phú
Carl,MacKey,cmackeyh@vkontakte.ru,Male,Gatak
Thalia,Loncaster,tloncasteri@indiegogo.com,Female,Gavinhos de Baixo
Anica,Hills,ahillsj@ezinearticles.com,Female,Gracias
Tristan,Chamberlen,tchamberlenk@umn.edu,Male,Qinjiang
Britte,Carillo,bcarillol@webnode.com,Female,Busilak
Aaron,Wevell,awevellm@ow.ly,Male,Florida
Angil,Silcock,asilcockn@stumbleupon.com,Female,Harding
Markos,MacPaden,mmacpadeno@nydailynews.com,Male,Kisai
Liuka,Bortolussi,lbortolussip@yale.edu,Female,Rawawilis
Felicia,MacMeanma,fmacmeanmaq@jiathis.com,Female,Saltpond
Reuven,Luigi,rluigir@yellowbook.com,Male,Ambo Village
Robina,Pigney,rpigneys@dmoz.org,Female,Stockholm
Daisie,Silverthorn,dsilverthornt@rakuten.co.jp,Female,Lipnica Wielka
Phyllida,Gwyneth,pgwynethu@oaic.gov.au,Female,Klenje
Vida,Mordon,vmordonv@google.com,Female,Hudong
Netta,Niess,nniessw@alibaba.com,Female,Qincheng
Brian,Tonkes,btonkesx@plala.or.jp,Male,Jianjun
Josefina,Foskett,jfosketty@goodreads.com,Female,Angasmarca
Eloisa,Redihalgh,eredihalghz@google.nl,Female,Hässelby
Walker,Bernhard,wbernhard10@elegantthemes.com,Male,Gaojian
Sidney,Huyge,shuyge11@noaa.gov,Male,Chame
Allie,Chesshyre,achesshyre12@domainmarket.com,Male,Le Cannet
Maurizia,Rudgard,mrudgard13@gravatar.com,Female,Tulsa
Vittorio,Kibble,vkibble14@tamu.edu,Male,Aviá Terai
Cookie,Goom,cgoom15@elegantthemes.com,Female,Trelleborg
Mead,Foxcroft,mfoxcroft16@hhs.gov,Male,Sousa
Mahmud,Ksandra,mksandra17@ca.gov,Male,Fontainhas
Karly,Asty,kasty18@joomla.org,Female,Proletar
Brian,McNeillie,bmcneillie19@cisco.com,Male,Chinchero
Ethe,Josefsohn,ejosefsohn1a@paypal.com,Male,Malczyce
Lucila,D'Ugo,ldugo1b@hostgator.com,Female,Moste
Moselle,Gowdridge,mgowdridge1c@typepad.com,Female,Fukushima-shi
Susannah,Junifer,sjunifer1d@earthlink.net,Female,Maimará
Debor,Orable,dorable1e@360.cn,Female,Mazha
Farica,Schenfisch,fschenfisch1f@wired.com,Female,Simeykyne
Nikolaos,Nuzzi,nnuzzi1g@stumbleupon.com,Male,Extrema
Erv,Quinnette,equinnette1h@hugedomains.com,Male,Guadalupe
Frank,Raynham,fraynham1i@opera.com,Female,São José dos Campos
Tessa,Stanbridge,tstanbridge1j@smh.com.au,Female,Blois
Felicia,Kirman,fkirman1k@last.fm,Female,Sumbergayam
Jannel,Prestie,jprestie1l@livejournal.com,Female,Keles Timur
Packston,Kiley,pkiley1m@apache.org,Male,Kefang
Clemmy,Smitherman,csmitherman1n@xrea.com,Female,Tongyang
Toddy,Whye,twhye1o@lulu.com,Male,Amirdzhan
Jonell,Crix,jcrix1p@addtoany.com,Female,Hakha
Arturo,Patching,apatching1q@berkeley.edu,Male,Donja Mahala
Courtnay,McSharry,cmcsharry1r@umich.edu,Female,Lyaskovets
Carmela,Dubose,cdubose1s@microsoft.com,Female,Ţāqchah Khānah
Cull,Kettlesing,ckettlesing1t@friendfeed.com,Male,Bendungan
Rycca,Durant,rdurant1u@narod.ru,Female,Vicente Guerrero
Rodd,Dunbabin,rdunbabin1v@deliciousdays.com,Male,Kelungkung
Vern,Zanicchi,vzanicchi1w@ca.gov,Male,Las Garcitas
Krystalle,Beddis,kbeddis1x@microsoft.com,Female,Zákynthos
Carlyn,Lejeune,clejeune1y@weebly.com,Female,Gaoqiao
Delcine,Dadge,ddadge1z@zdnet.com,Female,Xuanma
Leigh,Doumenc,ldoumenc20@cisco.com,Male,Meilin
Bonita,Rillatt,brillatt21@hubpages.com,Female,Yang Chum Noi
Ruth,Thorburn,rthorburn22@usda.gov,Female,Domampot
Dewie,Beedham,dbeedham23@creativecommons.org,Male,Le Mans
Phyllys,Slater,pslater24@biblegateway.com,Female,Kaltan
Jules,Keave,jkeave25@baidu.com,Male,Norrköping
Alane,Jovicevic,ajovicevic26@census.gov,Female,Luxi
Bamby,Maywood,bmaywood27@unblog.fr,Female,Rama
Luke,Falkinder,lfalkinder28@illinois.edu,Male,Lambayong
Ramsay,Taffrey,rtaffrey29@dell.com,Male,Ar Rawnah
Crysta,Burndred,cburndred2a@edublogs.org,Female,Tabaquite
Sibella,Beckham,sbeckham2b@google.co.jp,Female,Mayskiy
Royall,O'Currigan,rocurrigan2c@nationalgeographic.com,Male,Vallenar
Brew,Merington,bmerington2d@noaa.gov,Male,Oslo
Lusa,Cunio,lcunio2e@narod.ru,Female,Zhengdun
Smitty,Dossettor,sdossettor2f@domainmarket.com,Male,Logovskoye
Ahmad,Peddie,apeddie2g@51.la,Male,Hejiabao
Jermaine,Ratray,jratray2h@ask.com,Male,Chapayeve
Florette,Daber,fdaber2i@cafepress.com,Female,Jīma
Trstram,Cartmel,tcartmel2j@icio.us,Male,Łętownia
Fulton,Cusack,fcusack2k@amazon.de,Male,Sibanicú
Pepillo,Cannon,pcannon2l@npr.org,Male,Château-Richer
Bryn,Cuckoo,bcuckoo2m@imdb.com,Male,Shilovo
Marchelle,Mebius,mmebius2n@amazonaws.com,Female,Tullich
Mayor,Cuphus,mcuphus2o@dedecms.com,Male,Chishui
Andriana,Wetherburn,awetherburn2p@cafepress.com,Female,Sukth
Ros,Sowerbutts,rsowerbutts2q@yale.edu,Female,Omurtag
Vladimir,Croxon,vcroxon2r@noaa.gov,Male,Krajan Satu
Casey,Stollenbeck,cstollenbeck2s@digg.com,Female,Badīn
Andonis,Ondrak,aondrak2t@theguardian.com,Male,Taphan Hin
Baldwin,Rosnau,brosnau2u@gmpg.org,Male,Xiekou
Micah,Maccaddie,mmaccaddie2v@unc.edu,Male,Bua Yai
Idelle,Megahey,imegahey2w@earthlink.net,Female,Choma
Eli,Braven,ebraven2x@businessinsider.com,Male,Kalýves Polygýrou
Samaria,Thorbon,sthorbon2y@topsy.com,Female,Ekimchan
Karyl,Routh,krouth2z@twitpic.com,Female,Chishan
Jessica,Brasner,jbrasner30@angelfire.com,Female,Kaya
Joli,Rumble,jrumble31@cocolog-nifty.com,Female,Atyrá
Kattie,Zorzutti,kzorzutti32@hexun.com,Female,Foxton
Beatrisa,Gudge,bgudge33@livejournal.com,Female,Borzęcin
Maggy,Shone,mshone34@cpanel.net,Female,Yangping
Bank,Reinbech,breinbech35@geocities.jp,Male,Lantian
Tate,Seckington,tseckington36@google.es,Female,Zaoshi
Chaim,Rosenzwig,crosenzwig37@goo.gl,Male,Companhia de Baixo
Caterina,Adelberg,cadelberg38@rediff.com,Female,Zyablikovo
Bailey,Varty,bvarty39@myspace.com,Male,Pidsandawan
Bernita,Linskey,blinskey3a@meetup.com,Female,Tilburg
Eben,Tansley,etansley3b@seattletimes.com,Male,Ferreiros
Juliana,Praundlin,jpraundlin3c@linkedin.com,Female,San Andrés Villa Seca
Martguerita,Yurchenko,myurchenko3d@list-manage.com,Female,Baligród
Gregoor,Willson,gwillson3e@google.es,Male,Karlstad
Loralie,MacAskill,lmacaskill3f@t.co,Female,Ruihong
Barbara-anne,Hounsom,bhounsom3g@infoseek.co.jp,Female,Iksan
Eunice,Clampe,eclampe3h@stanford.edu,Female,Abuja
Lillian,Symon,lsymon3i@wordpress.com,Female,Changjiang
Linc,Nelthrop,lnelthrop3j@topsy.com,Male,Perosinho
Wendi,Habershon,whabershon3k@answers.com,Female,Cerro Corá
Spense,Bagnell,sbagnell3l@chron.com,Male,Zabierzów
Isa,Cuardall,icuardall3m@phpbb.com,Male,Lübeck
Wendie,Wrenn,wwrenn3n@nhs.uk,Female,Leudelange
Brady,Streetfield,bstreetfield3o@istockphoto.com,Male,Cimuncang
Russ,Heardman,rheardman3p@com.com,Male,Zahlé
Stace,Runsey,srunsey3q@usgs.gov,Female,Nový Bydžov
Sioux,Rigler,srigler3r@vk.com,Female,Comalapa
Jacquenette,Povey,jpovey3s@mac.com,Female,Milano
Anna-diane,Urion,aurion3t@springer.com,Female,Xiniu
Zenia,Fiorentino,zfiorentino3u@weather.com,Female,Edinburgh of the Seven Seas
Chandler,Snyder,csnyder3v@ucoz.ru,Male,Qianjiang
Kelley,Wavell,kwavell3w@angelfire.com,Male,Liujiachang
Omar,Riccetti,oriccetti3x@youku.com,Male,Kwangju
Roarke,Josephy,rjosephy3y@gravatar.com,Male,Rennes
Kynthia,Staddart,kstaddart3z@nbcnews.com,Female,Kuanheum
Myles,Argo,margo40@princeton.edu,Male,Rio Largo
Lorette,Windress,lwindress41@altervista.org,Female,Awayan
Jordon,Hallick,jhallick42@yandex.ru,Male,Kitakata
Billie,Adelberg,badelberg43@cargocollective.com,Male,Zhangxiong
Keane,Grzegorzewski,kgrzegorzewski44@ezinearticles.com,Male,Aleksandrovskiy Zavod
Brnaby,Manass,bmanass45@meetup.com,Male,Usulután
Gilberta,Twyning,gtwyning46@gnu.org,Female,Khairiahmandah
Gelya,Jakovijevic,gjakovijevic47@berkeley.edu,Female,Studzienice
Leandra,Fincken,lfincken48@cbsnews.com,Female,Baquero Norte
Ardisj,Huzzey,ahuzzey49@seesaa.net,Female,Shadrinsk
Gram,Springham,gspringham4a@merriam-webster.com,Male,Al Wajh
Mic,Cominello,mcominello4b@netlog.com,Male,Lyon
Rodolphe,Joselson,rjoselson4c@fotki.com,Male,Yoshkar-Ola
Valle,Deakan,vdeakan4d@psu.edu,Male,Chahe
Davida,Dorkins,ddorkins4e@gmpg.org,Female,Verin Artashat
William,Robins,wrobins4f@dmoz.org,Male,Acomayo
Virge,Ablitt,vablitt4g@theglobeandmail.com,Male,Sansheng
Bethanne,Fligg,bfligg4h@parallels.com,Female,Gambaru
Ranee,Haily,rhaily4i@unblog.fr,Female,Citeureup
Leonard,Jinkins,ljinkins4j@fda.gov,Male,Haveliān
Lillian,Elvidge,lelvidge4k@bandcamp.com,Female,Shahr-e Şafā
Sky,Elington,selington4l@godaddy.com,Male,Markovo
Bernie,Clutterham,bclutterham4m@eventbrite.com,Female,Batiano
Orelee,Licciardiello,olicciardiello4n@dailymail.co.uk,Female,Újezd
Pascale,Sherel,psherel4o@topsy.com,Male,Chishmy
Aylmer,Todari,atodari4p@diigo.com,Male,Upton
Meredeth,Sidaway,msidaway4q@youtube.com,Male,Karangkancana
Palm,Bernetti,pbernetti4r@goo.gl,Male,Kupchino
Janice,Troman,jtroman4s@github.com,Female,Santiago De Compostela
Aundrea,Vallack,avallack4t@blogspot.com,Female,Kuryłówka
Dorian,Bedwell,dbedwell4u@google.co.uk,Male,Tanahwangko
Frankie,Bardnam,fbardnam4v@dropbox.com,Female,Sydney
Keir,Schoolcroft,kschoolcroft4w@nsw.gov.au,Male,Zgornje Pirniče
Christian,Giggs,cgiggs4x@cafepress.com,Male,Rijau
Aidan,Croxley,acroxley4y@cnbc.com,Female,Palumbungan
Tamara,Triggle,ttriggle4z@google.co.jp,Female,Lutou
Berny,Gredden,bgredden50@gov.uk,Female,Valbonë
Nigel,Jull,njull51@usa.gov,Male,Jiaqiao
Paxon,Zanini,pzanini52@google.co.jp,Male,Karema
Demetria,Shaddick,dshaddick53@unicef.org,Female,Bershet’
Mile,Schirach,mschirach54@theatlantic.com,Male,Yaoundé
Gwenneth,Paliser,gpaliser55@ihg.com,Female,Ochakiv
Sylvester,Vivash,svivash56@ebay.com,Male,Xianyang
Brian,Ainger,bainger57@slashdot.org,Male,Maoshan
Teador,Dosdell,tdosdell58@wufoo.com,Male,Jacksonville
Yoko,Grinaugh,ygrinaugh59@tiny.cc,Female,Bambas
Eilis,Bachs,ebachs5a@icio.us,Female,Emiliano Zapata
Gunner,Caile,gcaile5b@wired.com,Male,Desa Borogojol
Loren,Barensen,lbarensen5c@archive.org,Male,Nagua
Barbra,Brinicombe,bbrinicombe5d@canalblog.com,Female,Novopokrovka
Harlen,Rosevear,hrosevear5e@loc.gov,Male,Kunri
Jeffie,Ions,jions5f@who.int,Male,Darungan Lor
Arline,Sivil,asivil5g@unblog.fr,Female,Laiyuan
Glen,Zum Felde,gzumfelde5h@feedburner.com,Female,Molde
Lane,Madden,lmadden5i@bbc.co.uk,Male,Starobaltachevo
Virgil,Earsman,vearsman5j@liveinternet.ru,Male,Rivesaltes
Marnia,Dawltrey,mdawltrey5k@amazon.com,Female,Inhambupe
Marcella,Ramsier,mramsier5l@zdnet.com,Female,Pallanchacra
Pansy,Potteridge,ppotteridge5m@discovery.com,Female,Banana Village
Kally,Clancey,kclancey5n@nyu.edu,Female,Detik Satu
Douglas,Leuty,dleuty5o@wikispaces.com,Male,Orléans
Ara,Iacobucci,aiacobucci5p@drupal.org,Female,Trondheim
Nicolis,Hamblington,nhamblington5q@addtoany.com,Male,Quán Hàu
Munmro,Bilverstone,mbilverstone5r@bloomberg.com,Male,Armenia
Boot,Godard,bgodard5s@weibo.com,Male,Qiaogu
Christi,Wassung,cwassung5t@barnesandnoble.com,Female,São Marcos da Serra
Tedi,Hussey,thussey5u@bbc.co.uk,Female,Åkersberga
Antoine,Abraham,aabraham5v@mapquest.com,Male,Poja Nae
Selene,Leverentz,sleverentz5w@fotki.com,Female,Nay Pyi Taw
Kalila,Girodin,kgirodin5x@rakuten.co.jp,Female,Vienne
Vinny,Montez,vmontez5y@instagram.com,Male,Duyang
Derron,Gleaves,dgleaves5z@discovery.com,Male,Lelydorp
Alidia,Broughton,abroughton60@marriott.com,Female,Galván
Kerr,Hubbocks,khubbocks61@yandex.ru,Male,Budagovo
Gerrilee,Giacobo,ggiacobo62@eepurl.com,Female,Novosin’kovo
Justis,Sholem,jsholem63@vkontakte.ru,Male,Remas
Dorita,Dalwood,ddalwood64@indiegogo.com,Female,Nanhuang
Izzy,MacCallum,imaccallum65@usgs.gov,Male,Taoxi
Nerte,Moffet,nmoffet66@home.pl,Female,Kaiyuan
Bethina,Vink,bvink67@si.edu,Female,Terang
Karlis,Diglin,kdiglin68@answers.com,Male,Zlataritsa
Derby,Maharry,dmaharry69@stanford.edu,Male,Rio de Janeiro
Dodi,Jellico,djellico6a@godaddy.com,Female,Pérama
Grace,Pressman,gpressman6b@stumbleupon.com,Female,Zhongchao
Burke,Vasilevich,bvasilevich6c@msn.com,Male,Nishinomiya-hama
Murial,Cronchey,mcronchey6d@fda.gov,Female,Korsun’-Shevchenkivs’kyy
Astrix,Beeble,abeeble6e@alibaba.com,Female,Akim Swedru
Ad,Teare,ateare6f@businessweek.com,Male,Malko Tŭrnovo
Cecilius,Juarez,cjuarez6g@fotki.com,Male,Tucupido
Gardiner,Blowne,gblowne6h@amazon.com,Male,Banjar Asahduren
Lindie,Innman,linnman6i@slate.com,Female,Jarānwāla
Sharona,Titlow,stitlow6j@discuz.net,Female,Kap Choeng
Kellby,Redolfi,kredolfi6k@jiathis.com,Male,Shangfang
Currie,Varney,cvarney6l@umn.edu,Male,Łysomice
Ema,Paullin,epaullin6m@psu.edu,Female,Mayang
Arther,Thorald,athorald6n@dyndns.org,Male,Hongcheng
Anica,Feild,afeild6o@netvibes.com,Female,Hofors
Lorri,Yitzovicz,lyitzovicz6p@rediff.com,Female,San Fernando
Jefferey,Smullin,jsmullin6q@stumbleupon.com,Male,Vyborg
Gertruda,Stayt,gstayt6r@reddit.com,Female,Shuizhai
Concordia,Harry,charry6s@moonfruit.com,Female,Xianghu
Rriocard,Scyner,rscyner6t@gmpg.org,Male,San Cristóbal Cucho
Gaylord,Sherbrook,gsherbrook6u@archive.org,Male,Igreja
Nealson,Cramphorn,ncramphorn6v@com.com,Male,Janagdong
Gayle,Morecomb,gmorecomb6w@qq.com,Male,Šavnik
Candice,Pauly,cpauly6x@surveymonkey.com,Female,Moste
Katrine,Gleave,kgleave6y@samsung.com,Female,Letlhakeng
Jarvis,Raynton,jraynton6z@java.com,Male,Notre Dame
Richie,Koenraad,rkoenraad70@hp.com,Male,Hallstavik
Rhody,Strowther,rstrowther71@homestead.com,Female,Albardón
Ame,Alesio,aalesio72@behance.net,Female,Aleg
Kimberley,Grunnell,kgrunnell73@google.ru,Female,Los Lotes
Ashby,McDunlevy,amcdunlevy74@woothemes.com,Male,Vicuña
Barthel,Midlane,bmidlane75@spotify.com,Male,Xazgat
Lefty,Cleevely,lcleevely76@typepad.com,Male,Laocheng
Guntar,Verralls,gverralls77@google.com.hk,Male,Wupu
Benjie,Hogsden,bhogsden78@seesaa.net,Male,Muñoz East
Florence,Mengue,fmengue79@shinystat.com,Female,Caihua
Eugenie,Abels,eabels7a@ucla.edu,Female,Gostovići
Rosco,Coffey,rcoffey7b@rediff.com,Male,Bulasa
Donia,Dorsey,ddorsey7c@sfgate.com,Female,Patao
Neron,Nichols,nnichols7d@noaa.gov,Male,Sidaharja
Solomon,Ridel,sridel7e@feedburner.com,Male,Marignane
Augustine,Trewinnard,atrewinnard7f@ifeng.com,Female,Mooka
Merline,Bresnen,mbresnen7g@pagesperso-orange.fr,Female,Vinica
Iain,Mutimer,imutimer7h@opera.com,Male,Žalec
Bren,Tassel,btassel7i@google.it,Male,Guangning
Jerald,Collibear,jcollibear7j@ca.gov,Male,Kastav
Athene,Presho,apresho7k@scientificamerican.com,Female,Yishui
Niven,Cottage,ncottage7l@guardian.co.uk,Male,Mathambgwane
Verne,Springtorpe,vspringtorpe7m@opera.com,Male,Gigante
Garrard,Hebbs,ghebbs7n@nifty.com,Male,Port Colborne
Shelden,Giraudou,sgiraudou7o@youku.com,Male,Sloboda
Monro,Rogez,mrogez7p@si.edu,Male,Ujazd
Norris,Garbutt,ngarbutt7q@nba.com,Male,Prachuap Khiri Khan
Ula,Tortoise,utortoise7r@mayoclinic.com,Female,Biecz
Perren,Custy,pcusty7s@bizjournals.com,Male,Donomulyo
Lorianna,Sucre,lsucre7t@indiegogo.com,Female,Enrile
Carl,Albasiny,calbasiny7u@scribd.com,Male,Krajan
Steffie,MacGaughy,smacgaughy7v@earthlink.net,Female,Al Başrah
Carmelina,Conner,cconner7w@bbb.org,Female,Lapa
Ignazio,Martinovic,imartinovic7x@time.com,Male,Varna
Purcell,Cella,pcella7y@vkontakte.ru,Male,Iida
Conchita,Saiger,csaiger7z@live.com,Female,Wachira Barami
Gerome,Lafaye,glafaye80@diigo.com,Male,Datartua
Doria,Tassel,dtassel81@berkeley.edu,Female,Carhuac
Dedra,Cowden,dcowden82@si.edu,Female,Sundsvall
Andros,Wrout,awrout83@gravatar.com,Male,Saint-Bruno
Wynn,Crone,wcrone84@un.org,Female,Offenbach
Gaylor,Lingfoot,glingfoot85@google.it,Male,Tunasbaru
Noland,Twinberrow,ntwinberrow86@guardian.co.uk,Male,Heping
Dewitt,Abramof,dabramof87@topsy.com,Male,Libu
Kaja,Hillett,khillett88@google.cn,Female,Zhuxing Chaoxianzu
Urbano,Bankhurst,ubankhurst89@sbwire.com,Male,Shums’k
Olympia,Metherell,ometherell8a@newyorker.com,Female,Zhongling
Elmo,Quince,equince8b@mit.edu,Male,Trondheim
Lyssa,Durman,ldurman8c@businessinsider.com,Female,Gorzów Śląski
Nannie,Kimmel,nkimmel8d@seesaa.net,Female,Taibai
Kimberlyn,Birtwisle,kbirtwisle8e@berkeley.edu,Female,Morcolla
Derwin,Clausen-Thue,dclausenthue8f@redcross.org,Male,Boston
Karim,Vance,kvance8g@taobao.com,Male,Ziroudani
Yelena,Godding,ygodding8h@mediafire.com,Female,Iquipi
Amalie,Defty,adefty8i@microsoft.com,Female,Ljubovija
Myrtle,Bulle,mbulle8j@forbes.com,Female,Lameira
Werner,Barnsdall,wbarnsdall8k@microsoft.com,Male,Mandeman Daya
Tawsha,Benediktovich,tbenediktovich8l@istockphoto.com,Female,Quvasoy
Benn,Swine,bswine8m@phpbb.com,Male,Luxi
Franklyn,Ingraham,fingraham8n@nationalgeographic.com,Male,Ranao
Guillaume,Ivantyev,givantyev8o@globo.com,Male,Tarimbang
Flinn,Diess,fdiess8p@wikimedia.org,Male,Smiltene
Jeromy,Caulwell,jcaulwell8q@google.de,Male,Marolambo
Jarrod,Ryall,jryall8r@redcross.org,Male,Paraparaumu
Ronda,Antonacci,rantonacci8s@nasa.gov,Female,Xuyong
Maddie,Thowless,mthowless8t@patch.com,Female,Stakhanov
Eamon,Lilliman,elilliman8u@theguardian.com,Male,Sanski Most
Corrinne,Tomala,ctomala8v@gov.uk,Female,Khāsh
Nestor,Treamayne,ntreamayne8w@facebook.com,Male,Yimamu
Murvyn,Adney,madney8x@wordpress.com,Male,Didi Lilo
Chrissie,Le Pruvost,clepruvost8y@prweb.com,Male,Xiajiashan
Sergeant,Reith,sreith8z@admin.ch,Male,Baixo Guandu
Munmro,Briant,mbriant90@omniture.com,Male,Sredniy
Manny,Fogel,mfogel91@intel.com,Male,Kobryn
Suzann,Wight,swight92@nifty.com,Female,Mustvee
Aubrey,Haskey,ahaskey93@free.fr,Male,Xiamao
Jodee,Ewebank,jewebank94@alexa.com,Female,Sędziszów
Quinn,Mulles,qmulles95@earthlink.net,Male,Saue
Karlis,Goode,kgoode96@parallels.com,Male,Hezuoqiao
Paige,Nobes,pnobes97@reddit.com,Female,São João de Caparica
Valry,Douce,vdouce98@fda.gov,Female,Sijihong
Wallie,Mineghelli,wmineghelli99@tiny.cc,Male,Novomoskovs’k
Marlena,Raddish,mraddish9a@hexun.com,Female,Edéa
Toby,Kelway,tkelway9b@sohu.com,Male,Cambebba
Wolf,Kitteringham,wkitteringham9c@sun.com,Male,Czernice Borowe
Gigi,Oxbie,goxbie9d@parallels.com,Female,Jangheung
Sephira,Osant,sosant9e@lycos.com,Female,Boyu
Margot,Yesson,myesson9f@drupal.org,Female,Valday
Alard,Maypes,amaypes9g@ucoz.com,Male,Houxixi
Gaspar,Fifield,gfifield9h@gnu.org,Male,Dong’an
Raymond,Stegell,rstegell9i@cyberchimps.com,Male,Khawr Maksar
Jeth,O'Glessane,joglessane9j@japanpost.jp,Male,Shiren
Carree,Janatka,cjanatka9k@statcounter.com,Female,Pitogo
Leodora,Geill,lgeill9l@hostgator.com,Female,Subaykhān
Raquela,Warder,rwarder9m@pinterest.com,Female,Capandanan
Heath,Beton,hbeton9n@privacy.gov.au,Female,Quipot
Joseito,Roser,jroser9o@state.gov,Male,Blagoveshchensk
Hoebart,McDowell,hmcdowell9p@ca.gov,Male,Qinglin
Penny,Mapledorum,pmapledorum9q@xing.com,Male,Lindome
Clare,Aspell,caspell9r@apple.com,Female,Wengaingo
Marylou,Rois,mrois9s@purevolume.com,Female,Quinta
Garvin,Hastings,ghastings9t@howstuffworks.com,Male,Gällivare
Morris,Gymlett,mgymlett9u@dagondesign.com,Male,Žitenice
Audrey,Bevington,abevington9v@hhs.gov,Female,Dortmund
Yul,McCullough,ymccullough9w@blog.com,Male,Ningshan Chengguanzhen
Noby,Tripe,ntripe9x@wordpress.com,Male,Carrigaline
Avis,Boulding,aboulding9y@hatena.ne.jp,Female,Guanajay
Verla,Ferminger,vferminger9z@addthis.com,Female,Batawa
Dav,Huzzey,dhuzzeya0@msn.com,Male,Bezerros
Alain,Dolbey,adolbeya1@addthis.com,Male,Oslo
Xenia,Malbon,xmalbona2@dropbox.com,Female,Kraków
Melessa,Fancet,mfanceta3@google.es,Female,Boise
Cesaro,Jewis,cjewisa4@unc.edu,Male,Rialma
Marcelle,McGlynn,mmcglynna5@discovery.com,Female,Payao
Aguistin,Bownes,abownesa6@163.com,Male,La Courneuve
Curtice,Aldus,caldusa7@prlog.org,Male,Orlovskiy
Norah,Swindell,nswindella8@ovh.net,Female,Oslo
Win,Rawll,wrawlla9@163.com,Male,Marulanda
Jan,Krier,jkrieraa@telegraph.co.uk,Female,Mando
Carver,Craydon,ccraydonab@chron.com,Male,Ar Rumaythīyah
Zebulon,Broadbere,zbroadbereac@e-recht24.de,Male,Černošice
Louisette,Draaisma,ldraaismaad@mozilla.org,Female,Geputan
Calypso,Duddan,cduddanae@de.vu,Female,Nikhom Kham Soi
Wernher,Bever,wbeveraf@infoseek.co.jp,Male,Banos
Jackie,Jakel,jjakelag@seattletimes.com,Female,Baratan
Quintana,Titman,qtitmanah@paginegialle.it,Female,Bratislava
Patty,Wincott,pwincottai@creativecommons.org,Female,Mendeleyevsk
Atlante,Isaac,aisaacaj@so-net.ne.jp,Female,Shiyaogou
Lion,Luckey,lluckeyak@paginegialle.it,Male,Sungaikupang
Marysa,Pestridge,mpestridgeal@google.ca,Female,Bolobo
Genovera,Mangeon,gmangeonam@ezinearticles.com,Female,Inicbulan
Waiter,Bernardoni,wbernardonian@redcross.org,Male,Qaxbaş
Ryan,Emmins,remminsao@salon.com,Male,Mriyunan
Vinny,Graver,vgraverap@bbc.co.uk,Male,Tapakrejo
Karlens,Philcox,kphilcoxaq@guardian.co.uk,Male,Mlalo
Sherye,Gillard,sgillardar@meetup.com,Female,Utkivka
Ula,Bythell,ubythellas@pen.io,Female,Melenki
Camel,Cardo,ccardoat@live.com,Female,Muḩambal
Alard,Searle,asearleau@umich.edu,Male,Honglong
Ibbie,Isakson,iisaksonav@eventbrite.com,Female,Lesnikovo
Danny,Brooke,dbrookeaw@scientificamerican.com,Male,Студеничани
Bella,Cadwell,bcadwellax@themeforest.net,Female,Battung
Emera,Mansell,emansellay@amazonaws.com,Female,Bozkow
Edi,Hryniewicki,ehryniewickiaz@ifeng.com,Female,Slutsk
Fonzie,Slegg,fsleggb0@va.gov,Male,Agnibilékrou
Carly,Tapson,ctapsonb1@ed.gov,Male,Greensboro
Pippa,Hollows,phollowsb2@usnews.com,Female,Gujiadian
Hernando,Aymerich,haymerichb3@jalbum.net,Male,Kuta
Brittani,Scoffham,bscoffhamb4@jimdo.com,Female,Bañga
Adamo,Klyn,aklynb5@washingtonpost.com,Male,Pokój
Cornelle,Lambotin,clambotinb6@gmpg.org,Female,Patrocínio
Abbey,Vautin,avautinb7@parallels.com,Male,Cipari
Aggi,Dacombe,adacombeb8@dedecms.com,Female,Jamao al Norte
Flory,Coste,fcosteb9@free.fr,Male,Vännäs
Ebba,Airds,eairdsba@devhub.com,Female,Komletinci
Jada,Wixon,jwixonbb@acquirethisname.com,Female,Lovran
Archibold,Vivien,avivienbc@disqus.com,Male,Changtan
Teodoor,Farnham,tfarnhambd@wufoo.com,Male,Laiyang
Bendicty,Serrurier,bserrurierbe@kickstarter.com,Male,Markowa
Denise,Van der Daal,dvanderdaalbf@hibu.com,Female,Najin
Eachelle,Pic,epicbg@plala.or.jp,Female,Zhencheng
Loy,Ellerker,lellerkerbh@eventbrite.com,Male,Montenegro
Marcella,O'Lagen,molagenbi@is.gd,Female,Guadalupe
Rickie,Blowers,rblowersbj@bluehost.com,Male,Suyo
Valentia,Ebsworth,vebsworthbk@toplist.cz,Female,Tembladera
Abbye,Ruffell,aruffellbl@altervista.org,Female,Vidin
Rudd,Gammell,rgammellbm@exblog.jp,Male,Margorejo
Dell,Beardsell,dbeardsellbn@nbcnews.com,Female,Svislach
Valencia,Avrashin,vavrashinbo@ifeng.com,Female,Summerside
Nata,Crellim,ncrellimbp@elpais.com,Female,Yunguyo
Norby,Avory,navorybq@sbwire.com,Male,Xinjiang
Romy,Burtt,rburttbr@tiny.cc,Female,Pedro Carbo
Jeanelle,Syvret,jsyvretbs@tuttocitta.it,Female,Daraitan
Sigmund,Dowdeswell,sdowdeswellbt@omniture.com,Male,Töreboda
Kellia,Robinett,krobinettbu@about.com,Female,Pasar Kidul
Linell,Jenckes,ljenckesbv@ask.com,Female,Caridade
Tori,Earwicker,tearwickerbw@taobao.com,Female,Munkfors
Monroe,Hethron,mhethronbx@addtoany.com,Male,Laojieji
Roth,Somerfield,rsomerfieldby@reverbnation.com,Male,T’et’ri Tsqaro
Pedro,Rustman,prustmanbz@smugmug.com,Male,Mashan
Tawsha,Stephens,tstephensc0@fda.gov,Female,Marseille
Warde,Niessen,wniessenc1@ow.ly,Male,Chkalov
Ambrose,Warlow,awarlowc2@aboutads.info,Male,Guanshan
Donni,Costy,dcostyc3@ustream.tv,Female,Chok Chai
Fanya,Turneaux,fturneauxc4@blogtalkradio.com,Female,Kae Dam
Joletta,Plevin,jplevinc5@toplist.cz,Female,Zhaxirabdain
Elise,Boyda,eboydac6@twitpic.com,Female,Saint-Sauveur
Bo,Mityashev,bmityashevc7@over-blog.com,Male,Santa Ana
Loutitia,Bedminster,lbedminsterc8@cloudflare.com,Female,Seraya
Ellsworth,Scopham,escophamc9@amazon.co.jp,Male,Shangfang
Bamby,Sakins,bsakinsca@ebay.co.uk,Female,Villa Ascasubi
Honey,Prestwich,hprestwichcb@toplist.cz,Female,Idrija
Rory,Vowdon,rvowdoncc@java.com,Female,Jianfeng
Kaitlin,Cancellario,kcancellariocd@blogspot.com,Female,Padre Burgos
Krispin,Seebright,kseebrightce@netvibes.com,Male,Bellevue
Earle,Dight,edightcf@clickbank.net,Male,Salvaleón de Higüey
Rand,Wakeham,rwakehamcg@hhs.gov,Male,Akouda
Iosep,Learoyd,ilearoydch@rakuten.co.jp,Male,Yinkeng
Cosmo,Sirl,csirlci@craigslist.org,Male,Bergerac
Emmy,Edington,eedingtoncj@surveymonkey.com,Male,Tabonoc
Theressa,Davidsson,tdavidssonck@ycombinator.com,Female,Banjar Anyar
Beth,Buncom,bbuncomcl@cbslocal.com,Female,Belyye Berega
Mikol,Readshall,mreadshallcm@craigslist.org,Male,Xingren
Quent,Branton,qbrantoncn@zimbio.com,Male,Las Lomas
Northrop,Van Brug,nvanbrugco@google.ru,Male,Penhascoso
Samuele,Grubbe,sgrubbecp@examiner.com,Male,Banjar Beratan
Mayne,Wynrehame,mwynrehamecq@yolasite.com,Male,Rio das Pedras
Marlowe,Lobbe,mlobbecr@bluehost.com,Male,Lugar Novo
Grant,Labbett,glabbettcs@issuu.com,Male,Pathum Thani
Lucais,Thonason,lthonasonct@omniture.com,Male,Binguang
Roarke,Towll,rtowllcu@wunderground.com,Male,Marseille
Blinny,Pallesen,bpallesencv@cisco.com,Female,Perre
Brewster,Short,bshortcw@gizmodo.com,Male,Visby
Ketty,Orrell,korrellcx@wiley.com,Female,Patos Fshat
Charlene,Groomebridge,cgroomebridgecy@cbsnews.com,Female,Ta‘izz
Theobald,Ruselin,truselincz@google.nl,Male,Villavicencio
Sunshine,Dingwall,sdingwalld0@epa.gov,Female,Santa Monica
Cobb,Aspole,caspoled1@hud.gov,Male,San Vicente Centenario
Darn,Gossop,dgossopd2@dedecms.com,Male,Kolyshley
Chanda,Bedrosian,cbedrosiand3@state.gov,Female,Kiritsy
Chiarra,Collin,ccollind4@washingtonpost.com,Female,Liuxia
Montague,Masterson,mmastersond5@hao123.com,Male,Taiyangling
Gaspard,Surgeon,gsurgeond6@chronoengine.com,Male,Qiansuo
Amberly,Paffot,apaffotd7@tumblr.com,Female,Monamon
Neil,Scanterbury,nscanterburyd8@seesaa.net,Male,Motge
Tory,Laycock,tlaycockd9@livejournal.com,Female,Yuntan
Marven,Triplet,mtripletda@360.cn,Male,Chaoyang
Mark,Russon,mrussondb@yahoo.com,Male,Xinji
Chester,Batts,cbattsdc@narod.ru,Male,Burgos
Wells,Brauns,wbraunsdd@reverbnation.com,Male,Orlovskiy
Delores,Longhorne,dlonghornede@sogou.com,Female,Sabon Gari-Nangere
Charlton,Stolte,cstoltedf@joomla.org,Male,Nisí
Silvia,Windibank,swindibankdg@g.co,Female,Ampanihy
Gregoire,Dumphy,gdumphydh@ox.ac.uk,Male,Xiaojiangba
Traver,Sabberton,tsabbertondi@drupal.org,Male,Doibang
Demott,Cogswell,dcogswelldj@columbia.edu,Male,Dois Vizinhos
Fleming,Copnell,fcopnelldk@blinklist.com,Male,Serawai
Abagael,Rowsell,arowselldl@sogou.com,Female,Ol Kalou
Josias,Camerana,jcameranadm@theguardian.com,Male,Tungguwaneng
Fredi,Fries,ffriesdn@microsoft.com,Female,Bonnyville
Christy,Gilligan,cgilligando@hao123.com,Female,Pospelikha
Jory,Russ,jrussdp@e-recht24.de,Male,Mahébourg
Amory,Jagson,ajagsondq@eventbrite.com,Male,Sampangan
Kellia,Dorton,kdortondr@usnews.com,Female,Novokhopërsk
Rasla,Lamzed,rlamzedds@cocolog-nifty.com,Female,Jidd Ḩafş
Ezekiel,Belshaw,ebelshawdt@theguardian.com,Male,Lizi
Kev,Amy,kamydu@instagram.com,Male,Kuidou
Audra,Langstone,alangstonedv@msu.edu,Female,Hotonj
Jacquetta,Moffat,jmoffatdw@rambler.ru,Female,Bachuan
Candace,McCluin,cmccluindx@vkontakte.ru,Female,Mont-Joli
Fabian,Avory,favorydy@digg.com,Male,Pittsburgh
Genni,Spyby,gspybydz@dagondesign.com,Female,Uppsala
Reg,Mattielli,rmattiellie0@google.pl,Male,Gujun
Darill,Milella,dmilellae1@ycombinator.com,Male,Bogdaniec
Raff,Seger,rsegere2@deliciousdays.com,Male,Aldeia do Bispo
Chrisy,Chooter,cchootere3@typepad.com,Male,Bastia
Carce,Ralls,crallse4@pagesperso-orange.fr,Male,Caozhen
Nerita,Reihm,nreihme5@edublogs.org,Female,Guantang
Betty,Blesing,bblesinge6@g.co,Female,Jinji
Lissie,Chuney,lchuneye7@yandex.ru,Female,Chishan
Tawnya,Peschka,tpeschkae8@chron.com,Female,Thio
Neilla,Petroselli,npetrosellie9@answers.com,Female,Fyllingsdalen
Brod,Bossom,bbossomea@scientificamerican.com,Male,Cẩm Phả
Anna,Sille,asilleeb@printfriendly.com,Female,Betim
Wylma,Tuckerman,wtuckermanec@freewebs.com,Female,Võhma
Giusto,Piner,gpinered@facebook.com,Male,Amassoma
Augie,Epton,aeptonee@cnn.com,Male,Aqsay
Mirelle,Stirman,mstirmanef@deviantart.com,Female,Radostowice
Eddi,Vidgen,evidgeneg@scientificamerican.com,Female,Oltinko’l
Carmine,Gale,cgaleeh@cpanel.net,Female,Banjar Buahan
Loralie,Semon,lsemonei@cdbaby.com,Female,Des Moines
Thomasine,Crosscombe,tcrosscombeej@dailymotion.com,Female,Castêlo
Karl,Titcomb,ktitcombek@mtv.com,Male,Cahuacho
Brinn,Foye,bfoyeel@techcrunch.com,Female,Jomboy
Kippy,Lighten,klightenem@forbes.com,Male,Al Ḩayfah
Gregory,Kinnier,gkinnieren@rakuten.co.jp,Male,Poddor’ye
Lilith,Wanklin,lwanklineo@forbes.com,Female,West Kelowna
Ava,Osgorby,aosgorbyep@mashable.com,Female,Solidaridad
Sapphira,Stitt,sstitteq@creativecommons.org,Female,Zheleznogorsk
Bartholomeo,Poundesford,bpoundesforder@skyrock.com,Male,Walahir
Arielle,McGiveen,amcgiveenes@oaic.gov.au,Female,Álimos
Connie,Dabbes,cdabbeset@google.com.br,Male,Krasnogorsk
Elayne,Corbishley,ecorbishleyeu@about.me,Female,Zhongzuiling
Sabrina,Worswick,sworswickev@nifty.com,Female,Ptghunk’
Ianthe,Mcwhinnie,imcwhinnieew@xing.com,Female,Novomoskovsk
Giavani,Renachowski,grenachowskiex@wp.com,Male,Bukovec
Timoteo,Mangenot,tmangenotey@rakuten.co.jp,Male,Yangjiaqiao
Flem,Tower,ftowerez@telegraph.co.uk,Male,Luyang
Francine,Tythacott,ftythacottf0@networksolutions.com,Female,Chambéry
Lancelot,Cheale,lchealef1@scribd.com,Male,Zhanghekou
Klarika,Pilbury,kpilburyf2@geocities.com,Female,Guling
Nertie,Yokelman,nyokelmanf3@so-net.ne.jp,Female,Bamencheng
Celka,Boxen,cboxenf4@constantcontact.com,Female,Narva
Dael,Conisbee,dconisbeef5@wikimedia.org,Male,Karawatung
Morena,Jefferson,mjeffersonf6@php.net,Female,Chahe
Vinita,Raun,vraunf7@cloudflare.com,Female,Pongkor
Deerdre,Chue,dchuef8@networkadvertising.org,Female,Tomelilla
Lona,Strowther,lstrowtherf9@devhub.com,Female,Aldeia
Rancell,Spaice,rspaicefa@goo.ne.jp,Male,Kavásilas
Decca,Crole,dcrolefb@artisteer.com,Male,Dongba
Padgett,Cooley,pcooleyfc@sciencedirect.com,Male,Donglu
Aurie,Mordie,amordiefd@jugem.jp,Female,Sing Buri
Paten,Akester,pakesterfe@nsw.gov.au,Male,Shenkou
Granthem,Jekyll,gjekyllff@paypal.com,Male,Leeuwarden
Deb,Bachelar,dbachelarfg@narod.ru,Female,Povedniki
Robin,Pedroli,rpedrolifh@fastcompany.com,Female,Bodiosa a Velha
Roze,Yalden,ryaldenfi@un.org,Female,Banjarjo
Dolorita,Higgonet,dhiggonetfj@photobucket.com,Female,Rio Real
Romonda,Roland,rrolandfk@squidoo.com,Female,El Peñol
Alon,Brinded,abrindedfl@storify.com,Male,Yerba Buena
Ignatius,Karleman,ikarlemanfm@exblog.jp,Male,Chirongui
Anette,Graeser,agraeserfn@columbia.edu,Female,Tranca
Tymothy,Taaffe,ttaaffefo@wisc.edu,Male,Sandviken
Tamarah,Brimilcome,tbrimilcomefp@dyndns.org,Female,Campraksanta
Ulrikaumeko,Baylay,ubaylayfq@bloomberg.com,Female,Timbaúba
Clem,Macieiczyk,cmacieiczykfr@w3.org,Female,Jayaraga Kaler
Sam,Gurery,sgureryfs@vk.com,Female,Vigia
Heddie,Vennings,hvenningsft@wordpress.org,Female,Sadkowice
Jim,Cuttles,jcuttlesfu@about.me,Male,Ban Houayxay
Eloisa,Reddyhoff,ereddyhofffv@reuters.com,Female,Las Toscas
Gerri,Klee,gkleefw@blogs.com,Male,Tuguan
Goraud,Stowte,gstowtefx@umn.edu,Male,Kil
Madalyn,Marnes,mmarnesfy@nsw.gov.au,Female,Wołomin
Ive,Waslin,iwaslinfz@ifeng.com,Male,Sabon Gari-Nangere
Felisha,Pattle,fpattleg0@4shared.com,Female,Damu
Tabb,Lomb,tlombg1@google.it,Male,San Juan Bautista
Corrie,Drees,cdreesg2@comcast.net,Female,Fyllingsdalen
Cirstoforo,Bendixen,cbendixeng3@webeden.co.uk,Male,Arcos
Tomasine,Bartomeu,tbartomeug4@fotki.com,Female,Wanling
Parker,Leonard,pleonardg5@yellowpages.com,Male,Irati
Gabby,Swaite,gswaiteg6@etsy.com,Male,Kuching
Verine,Grunguer,vgrunguerg7@state.gov,Female,Benito Juarez
Mord,Bycraft,mbycraftg8@phpbb.com,Male,Pasar
Brooke,Emsden,bemsdeng9@china.com.cn,Female,Qādirpur Rān
Cobbie,Henbury,chenburyga@boston.com,Male,Vitez
Kylila,Cicconettii,kcicconettiigb@diigo.com,Female,Guaçuí
Darin,Itshak,ditshakgc@ocn.ne.jp,Male,Krajan Gebangan
Martyn,Riggs,mriggsgd@sitemeter.com,Male,Shihua
Karel,McGettrick,kmcgettrickge@youtu.be,Male,Volzhsk
Ethelda,Jewiss,ejewissgf@yandex.ru,Female,Leiyang
Hatti,Houdmont,hhoudmontgg@ovh.net,Female,Providencia
Phyllys,Royl,proylgh@nbcnews.com,Female,Santa Fe de la Vera Cruz
Bren,Duferie,bduferiegi@cisco.com,Female,Lyubeshiv
Cly,Casse,ccassegj@paginegialle.it,Male,Suzuka
Maurise,Tivnan,mtivnangk@comsenz.com,Female,Qianqiao
Gan,Croysdale,gcroysdalegl@hostgator.com,Male,Pingxiang
Corinne,Leversha,clevershagm@gmpg.org,Female,Matanza
Pren,Cleever,pcleevergn@ca.gov,Male,Gokwe
Kendre,Ferrone,kferronego@samsung.com,Female,Buray
Milissent,Bluett,mbluettgp@google.de,Female,Isoka
Giulio,Arnholz,garnholzgq@twitpic.com,Male,Zangbawa
Nelia,Sugar,nsugargr@tmall.com,Female,Castelli
Francene,Sowray,fsowraygs@ed.gov,Female,Veldhoven
Saloma,Choppin,schoppingt@senate.gov,Female,Kyustendil
Clementine,Narducci,cnarduccigu@gov.uk,Female,Monchegorsk
Wittie,Shekle,wsheklegv@huffingtonpost.com,Male,Karawatung
Packston,Brockbank,pbrockbankgw@go.com,Male,Annecy
Allan,Hannigan,ahannigangx@ocn.ne.jp,Male,Zašová
Wyndham,Braxton,wbraxtongy@livejournal.com,Male,Corujeira
Dion,Minear,dmineargz@webnode.com,Male,Neos Voutzás
Phyllis,Fidge,pfidgeh0@rakuten.co.jp,Female,Kolmården
Callean,Duligal,cduligalh1@godaddy.com,Male,Weitang
Shena,Laws,slawsh2@cloudflare.com,Female,Kiloloran
Ardeen,Crumb,acrumbh3@chicagotribune.com,Female,Divo
Skip,Randall,srandallh4@booking.com,Male,Ntoum
Geri,Youster,gyousterh5@weebly.com,Female,Kubanskiy
Greg,Surridge,gsurridgeh6@google.pl,Male,Kalamáta
Vlad,Ewbanke,vewbankeh7@google.com.au,Male,Nong Hin
Ricca,Fossey,rfosseyh8@buzzfeed.com,Female,Birmingham
Celeste,Baynon,cbaynonh9@yahoo.co.jp,Female,Lindavista
Justin,Winser,jwinserha@time.com,Male,Kobylí
Osmond,Shakeshaft,oshakeshafthb@shinystat.com,Male,Majagual
Oriana,Loxston,oloxstonhc@pen.io,Female,Pardubice
Ashlie,Riches,aricheshd@taobao.com,Female,Três Lagoas
Orelle,Moffatt,omoffatthe@mozilla.com,Female,Hinlayagan Ilaud
Juli,Gullyes,jgullyeshf@woothemes.com,Female,Saint Louis
Hammad,Crux,hcruxhg@google.ru,Male,Kubangsari
Lory,Wortley,lwortleyhh@scribd.com,Female,Boshkengash
Brose,Charlet,bcharlethi@reuters.com,Male,Peuteuy
Jerrylee,Collen,jcollenhj@slashdot.org,Female,Tigre
Moishe,Pembery,mpemberyhk@4shared.com,Male,Rousínov
Warner,Prescot,wprescothl@domainmarket.com,Male,Anaheim
Davin,Cosyns,dcosynshm@zimbio.com,Male,Medina Estates
Stace,Court,scourthn@infoseek.co.jp,Female,Ban Mai
Bax,Sive,bsiveho@gravatar.com,Male,Dakoutun
Sharity,Hundley,shundleyhp@senate.gov,Female,Longnan
Reube,Bilovus,rbilovushq@state.tx.us,Male,Taxisco
Ermengarde,Shewan,eshewanhr@jigsy.com,Female,Colmeal
Karel,Poundsford,kpoundsfordhs@macromedia.com,Male,Belogorskīy
Yvor,Ray,yrayht@independent.co.uk,Male,Celendín
Pansie,Caustic,pcaustichu@jalbum.net,Female,Novyy Starodub
Paige,Rich,prichhv@ycombinator.com,Female,Bang Saphan
Nels,Phalp,nphalphw@bloglovin.com,Male,Yujia
Justus,Rodden,jroddenhx@amazon.com,Male,Songyuan
Jeno,Gloves,jgloveshy@va.gov,Male,Songhe
Barbey,Finnan,bfinnanhz@flickr.com,Female,São Mateus do Maranhão
Dall,Montford,dmontfordi0@example.com,Male,Lachute
Jakie,Clementson,jclementsoni1@weibo.com,Male,Helie
Flora,Robers,frobersi2@narod.ru,Female,Dongjia
Dael,Colbridge,dcolbridgei3@yahoo.com,Male,Guadalupe
Flo,Ferrotti,fferrottii4@army.mil,Female,Shashemenē
Salmon,Fettes,sfettesi5@mozilla.com,Male,Tong’an
Ciel,Cain,ccaini6@hud.gov,Female,Meitang
Hanson,Jolliffe,hjolliffei7@utexas.edu,Male,Castelli
Ax,Trivett,atrivetti8@army.mil,Male,Paarl
Letta,Juszczak,ljuszczaki9@cnet.com,Female,Brasília
Elsy,Spinello,espinelloia@histats.com,Female,Kỳ Anh
Emmett,Garth,egarthib@princeton.edu,Male,Naro-Fominsk
Salvatore,Garbar,sgarbaric@newyorker.com,Male,Puutura
Kylie,Davitashvili,kdavitashviliid@behance.net,Male,Göteborg
Sula,Dudeney,sdudeneyie@craigslist.org,Female,Oetuke
Yance,Farran,yfarranif@cnn.com,Male,Liangwa
Humfrey,Beaford,hbeafordig@paypal.com,Male,Norrköping
Cleopatra,Cocks,ccocksih@mail.ru,Female,Velikiye Borki
Marris,Kubczak,mkubczakii@japanpost.jp,Female,Teslić
Susie,Wyant,swyantij@foxnews.com,Female,Hejiang
Jard,Bewshire,jbewshireik@soup.io,Male,Ojos de Agua
Ralf,Revans,rrevansil@google.ru,Male,Nova Prata
Ruthi,Hattoe,rhattoeim@jigsy.com,Female,Stockholm
Gertrude,Hendriksen,ghendriksenin@abc.net.au,Female,Velasco Ibarra
Zandra,Hynam,zhynamio@theguardian.com,Female,Valday
Celia,Binding,cbindingip@slideshare.net,Female,Hrib-Loški Potok
Hort,Harburtson,hharburtsoniq@wunderground.com,Male,Le Mans
Cherise,Kienle,ckienleir@simplemachines.org,Female,Chojata
Shelley,Farmiloe,sfarmiloeis@mtv.com,Male,Zhufo
Neville,Hucquart,nhucquartit@berkeley.edu,Male,Paris 13
Waldo,Hoy,whoyiu@ask.com,Male,Kleszczewo
Lishe,Medforth,lmedforthiv@chronoengine.com,Female,Tân Hòa
Merrili,Shepeard,mshepeardiw@latimes.com,Female,Wotan
Noam,Brassington,nbrassingtonix@auda.org.au,Male,Chernogorsk
Myles,Khoter,mkhoteriy@wisc.edu,Male,Kansas City
Bard,Semken,bsemkeniz@msu.edu,Male,Fort Worth
Dynah,Gerardot,dgerardotj0@sakura.ne.jp,Female,Araguari
Toni,Chazelas,tchazelasj1@youtu.be,Female,Herrljunga
Isacco,Kubis,ikubisj2@vimeo.com,Male,Mykolayiv
Haydon,Roubottom,hroubottomj3@weather.com,Male,Kekeran
Carolyne,Nussen,cnussenj4@yahoo.com,Female,Saratak
Val,Abelovitz,vabelovitzj5@mlb.com,Male,Buawan
Berke,Pantling,bpantlingj6@edublogs.org,Male,Rungis
Linell,Scottrell,lscottrellj7@phpbb.com,Female,Milanów
Korie,Aysik,kaysikj8@about.me,Female,Býšť
Bronnie,Dellenty,bdellentyj9@addtoany.com,Male,San Fernando
Bond,Poff,bpoffja@technorati.com,Male,Ombarade
Millie,Cordell,mcordelljb@github.io,Female,Ribeirópolis
Jakob,Moores,jmooresjc@miibeian.gov.cn,Male,Tiegai
Nicol,Meyrick,nmeyrickjd@nhs.uk,Male,Licun
Kiele,Ungerer,kungererje@apache.org,Female,Cergy-Pontoise
Kissiah,Giacobilio,kgiacobiliojf@reverbnation.com,Female,Patayac
Ula,Albutt,ualbuttjg@nyu.edu,Female,Erdao
Gabby,Killough,gkilloughjh@hugedomains.com,Male,Nanqiu
Birk,Clarson,bclarsonji@europa.eu,Male,Strazhitsa
Irita,Zannetti,izannettijj@amazon.com,Female,Minle
Marcia,Arington,maringtonjk@reddit.com,Female,Tanashichō
Quentin,Eddoes,qeddoesjl@liveinternet.ru,Female,Gostimë
Nicolle,Simonot,nsimonotjm@xinhuanet.com,Female,Magang
Lotta,Crohan,lcrohanjn@posterous.com,Female,Chiquinquirá
Hayyim,Pickless,hpicklessjo@reference.com,Male,Qingshuihe
Wally,Warlowe,wwarlowejp@infoseek.co.jp,Female,Paris 15
Winfred,Sandey,wsandeyjq@cdbaby.com,Male,Xuedian
Lucias,Housegoe,lhousegoejr@yellowbook.com,Male,Tagog
Ricki,Weaver,rweaverjs@hud.gov,Male,Minh Long
Sky,Spilling,sspillingjt@live.com,Male,Tungipāra
Hetty,Banke,hbankeju@ask.com,Female,Amiens
Ermin,Giacubbo,egiacubbojv@yellowbook.com,Male,Fanrong
Augusta,Brewett,abrewettjw@earthlink.net,Female,Frederiksberg
Matteo,Bernhardi,mbernhardijx@bigcartel.com,Male,Kamenka
Molly,McWilliam,mmcwilliamjy@google.com,Female,Malasiqui
Cos,Heathwood,cheathwoodjz@4shared.com,Male,Miastko
Berny,Ennor,bennork0@comcast.net,Male,Ajoyani
Teresina,Screach,tscreachk1@pagesperso-orange.fr,Female,Duwayr Raslān
Bennett,Cantrell,bcantrellk2@nymag.com,Male,Pereira
Clemmy,Blonfield,cblonfieldk3@tumblr.com,Female,San Antonio
Clemens,Brimley,cbrimleyk4@mysql.com,Male,Peñarrubia
Germaine,Hardy,ghardyk5@hexun.com,Male,Nanxiang
Jaymie,Gores,jgoresk6@vimeo.com,Male,Moravský Krumlov
Rolph,Dyment,rdymentk7@answers.com,Male,Beijós
Theodor,Rigler,triglerk8@cbslocal.com,Male,Birnin Kebbi
Merell,MacSharry,mmacsharryk9@army.mil,Male,Messina
Craig,Morford,cmorfordka@comcast.net,Male,Longtou
Elenore,Clarage,eclaragekb@rakuten.co.jp,Female,Puhechang
Bernetta,Marney,bmarneykc@indiegogo.com,Female,Carapicuíba
Bartlet,Dickman,bdickmankd@sakura.ne.jp,Male,Sanzhou
Jamil,Le febre,jlefebreke@jugem.jp,Male,Condado
Ignazio,Mimmack,imimmackkf@dion.ne.jp,Male,Nishinoomote
Wileen,Bourdis,wbourdiskg@bloglovin.com,Female,Xumai
Catlaina,Godfery,cgodferykh@ucla.edu,Female,Gutang
Magdaia,Castaner,mcastanerki@earthlink.net,Female,Goranboy
Zeb,Brakespear,zbrakespearkj@huffingtonpost.com,Male,Vardane
Clifford,Merck,cmerckkk@unblog.fr,Male,Montemor-o-Velho
Hilton,Pudner,hpudnerkl@abc.net.au,Male,Xiadu
Benji,Marzelle,bmarzellekm@elegantthemes.com,Male,Mulyadadi
Julita,Sansom,jsansomkn@simplemachines.org,Female,Magumeri
Town,Matuskiewicz,tmatuskiewiczko@blogger.com,Male,Babo-Pangulo
Wenonah,Mulcock,wmulcockkp@51.la,Female,Aknoul
Laurie,Capnerhurst,lcapnerhurstkq@va.gov,Male,Brak
Sheelah,Vanelli,svanellikr@51.la,Female,Datang
Alexei,Mayman,amaymanks@naver.com,Male,Masindi
Corey,Leinster,cleinsterkt@yelp.com,Male,‘Amd
Renaud,Sea,rseaku@plala.or.jp,Male,Qo’ng’irot Shahri
Phaedra,Cowle,pcowlekv@slashdot.org,Female,Nagai
Shalna,Ritmeier,sritmeierkw@walmart.com,Female,Ilopango
Wilton,Risom,wrisomkx@amazon.com,Male,Kil
Earvin,O'Doohaine,eodoohaineky@skype.com,Male,Duko
Murray,Nyles,mnyleskz@cloudflare.com,Male,Vilnius
Orlan,Sigert,osigertl0@virginia.edu,Male,Bang Pahan
Woody,Stonhard,wstonhardl1@omniture.com,Male,Lijia
Kelsi,Camerello,kcamerellol2@un.org,Female,Dajalorong
Linnell,Moreinu,lmoreinul3@soup.io,Female,Huayuan
Allegra,Skill,askilll4@cbsnews.com,Female,Jatimulyo
Odette,Peachment,opeachmentl5@scribd.com,Female,Tatsunochō-tominaga
Erich,Lakes,elakesl6@cyberchimps.com,Male,Sajia
Arlyne,Rentoll,arentolll7@wunderground.com,Female,Weitang
Madelina,Dabinett,mdabinettl8@yahoo.co.jp,Female,Xuyong
Sibyl,Sills,ssillsl9@illinois.edu,Male,Laliki
Lindy,Ickovic,lickovicla@google.com,Female,Horad Pinsk
Dael,Lynagh,dlynaghlb@cnet.com,Male,Kangdong-ŭp
Aurore,Wybron,awybronlc@amazonaws.com,Female,Odolanów
Lori,Oneal,lonealld@example.com,Female,Vallehermoso
Earl,Hundell,ehundellle@mediafire.com,Male,Paris 11
Ramona,Fehners,rfehnerslf@sohu.com,Female,Hushaat
Wyatt,Carnalan,wcarnalanlg@cargocollective.com,Male,Fresno
Aylmer,Peltzer,apeltzerlh@sun.com,Male,Llaillay
Rory,Lanchbury,rlanchburyli@lycos.com,Female,Chenji
Electra,Darnbrough,edarnbroughlj@etsy.com,Female,Belgrade
Lisle,Detloff,ldetlofflk@ca.gov,Male,Lianyuan
Lonny,Benito,lbenitoll@delicious.com,Male,Kamárai
Giff,Eakens,geakenslm@qq.com,Male,Saint-Flour
Arly,Coleborn,acolebornln@yahoo.co.jp,Female,Koua
Ame,Stuckey,astuckeylo@microsoft.com,Female,Oulad Frej
Lesya,Giacobelli,lgiacobellilp@bbc.co.uk,Female,Gangjia
Abigael,Gettens,agettenslq@people.com.cn,Female,Klyuchevskiy
Corbin,Valentin,cvalentinlr@t-online.de,Male,Cimuncang
Bartlet,Hebblewhite,bhebblewhitels@sitemeter.com,Male,Shuiyuan
Barbi,Harm,bharmlt@shop-pro.jp,Female,Katrineholm
Ailee,Domican,adomicanlu@flickr.com,Female,Kájov
Shelley,Baldung,sbaldunglv@fda.gov,Male,Suzhou
Euphemia,Abotson,eabotsonlw@sciencedirect.com,Female,Segong
Jill,Mussettini,jmussettinilx@nsw.gov.au,Female,Lethem
Dukie,Tieman,dtiemanly@about.com,Male,Yurino
Mel,Carreck,mcarrecklz@hp.com,Male,Cibatu
Ronald,Palfree,rpalfreem0@independent.co.uk,Male,Buerarema
Arny,Ankrett,aankrettm1@mozilla.org,Male,Ihosy
Emogene,Velez,evelezm2@issuu.com,Female,Kliteh
Krishnah,Buchett,kbuchettm3@senate.gov,Male,Wahawaha
Renato,Adacot,radacotm4@spotify.com,Male,Selmes
Julius,MacQuarrie,jmacquarriem5@so-net.ne.jp,Male,Al Ḩashwah
Grenville,Folland,gfollandm6@google.es,Male,Changxuanling
Jorie,Buttner,jbuttnerm7@last.fm,Female,Ban Dan
Carma,Petts,cpettsm8@aol.com,Female,Shalizhai
Meg,Lynthal,mlynthalm9@nyu.edu,Female,São Sebastião do Caí
Gwendolyn,Kilbourne,gkilbournema@huffingtonpost.com,Female,Shuyuan Zhen
Terrie,Demke,tdemkemb@mlb.com,Female,Jiucaizhuang
Anatola,Dosdell,adosdellmc@independent.co.uk,Female,Dar es Salaam
Rolland,Ludlam,rludlammd@deliciousdays.com,Male,Podbuzh
Lavinie,Aurelius,laureliusme@imageshack.us,Female,Sungaikupang
Brantley,O'Kuddyhy,bokuddyhymf@patch.com,Male,Mengyin
Kirby,Drewell,kdrewellmg@nps.gov,Male,Nordeste
Ingar,Mintoff,imintoffmh@cbc.ca,Male,Swiętajno
Filmer,Ruthven,fruthvenmi@4shared.com,Male,Jinping
Cass,Ethersey,cetherseymj@livejournal.com,Female,Älvsjö
Burlie,Fairfoul,bfairfoulmk@japanpost.jp,Male,Hengqiao
Delmore,Compton,dcomptonml@ning.com,Male,Jaworzyna Śląska
Belva,Coldicott,bcoldicottmm@alibaba.com,Female,Bandung
Cecile,Knewstubb,cknewstubbmn@github.com,Female,Xinzhan
Lucilia,Crossgrove,lcrossgrovemo@aol.com,Female,Salimbalan
Lars,Goldin,lgoldinmp@surveymonkey.com,Male,San Luis Jilotepeque
Alverta,Iorns,aiornsmq@wisc.edu,Female,Cibitung
Roselle,Griss,rgrissmr@nasa.gov,Female,Micheng
Taddeusz,Yockley,tyockleyms@1und1.de,Male,Cigintung
Osborne,Diable,odiablemt@amazon.co.jp,Male,Akita Shi
Aveline,Lourenco,alourencomu@tripadvisor.com,Female,Shawan
Raf,Clemenzo,rclemenzomv@diigo.com,Female,Chagou
Heriberto,Callen,hcallenmw@uol.com.br,Male,Barra do Piraí
Doug,Baulcombe,dbaulcombemx@behance.net,Male,Muaraenim
Larissa,Hubner,lhubnermy@1und1.de,Female,Jugezhuang
Amandy,Accomb,aaccombmz@state.gov,Female,El Fureidīs
Kit,Scain,kscainn0@google.fr,Male,Inuvik
Torin,Amorine,tamorinen1@elpais.com,Male,Torbeck
Marne,Girardin,mgirardinn2@google.ca,Female,Bogoroditsk
Benoite,Lomaz,blomazn3@ihg.com,Female,Yushu
Windham,Tottle,wtottlen4@stanford.edu,Male,Mpigi
Faith,Wesson,fwessonn5@wiley.com,Female,Sancha
My,Rebillard,mrebillardn6@arstechnica.com,Male,Buarcos
Layla,Maris,lmarisn7@slate.com,Female,Ottawa
Sandy,Crossdale,scrossdalen8@uiuc.edu,Female,Colorado Springs
Quentin,Winship,qwinshipn9@timesonline.co.uk,Female,Porto Ferreira
Wright,Fright,wfrightna@whitehouse.gov,Male,Bourg-lès-Valence
Alejoa,Izon,aizonnb@bing.com,Male,Taupo
Riccardo,Amthor,ramthornc@miitbeian.gov.cn,Male,Sangmu
Bridget,Carlill,bcarlillnd@slashdot.org,Female,Mariatana
Reginald,Yurchishin,ryurchishinne@live.com,Male,København
Roman,McAviy,rmcaviynf@amazon.co.jp,Male,Guaratinguetá
Fulton,Fildery,ffilderyng@mit.edu,Male,Moulay Yacoub
Marlo,Deans,mdeansnh@tuttocitta.it,Female,San José de Ocoa
Jarad,Elden,jeldenni@weather.com,Male,Bakersfield
Frederick,Ashington,fashingtonnj@cdbaby.com,Male,Xinglong
Alexandre,Robichon,arobichonnk@imdb.com,Male,Yuncheng
Geordie,Sherr,gsherrnl@youtube.com,Male,El Cafetal
Jeremy,Iveagh,jiveaghnm@sciencedirect.com,Male,Selenicë
Renault,Plester,rplesternn@lycos.com,Male,Popasna
Cord,Gallelli,cgallellino@mediafire.com,Male,Ponggok
Drud,Barizeret,dbarizeretnp@sohu.com,Male,Heyou
Ricard,Stetlye,rstetlyenq@w3.org,Male,Magay
Cathi,Busfield,cbusfieldnr@discuz.net,Female,Irtyshskiy
Charla,Liptrod,cliptrodns@uiuc.edu,Female,Colonia Elía
Billie,Diche,bdichent@dot.gov,Female,Tirmiz
Chauncey,Deeman,cdeemannu@microsoft.com,Male,Świecie nad Osą
Alvinia,Issacof,aissacofnv@fema.gov,Female,Ágios Týchon
Tanitansy,Romagnosi,tromagnosinw@illinois.edu,Female,Crossfield
Rochelle,Crosen,rcrosennx@nydailynews.com,Female,Nadi
Daryn,Piwall,dpiwallny@telegraph.co.uk,Female,Napanee Downtown
Felic,Shackel,fshackelnz@meetup.com,Male,Muarabuliti
Cece,O'Howbane,cohowbaneo0@npr.org,Male,Trondheim
Berty,Bunton,bbuntono1@dyndns.org,Female,Libog
Aeriell,Pahlsson,apahlssono2@dropbox.com,Female,Pirava
Jeremias,Vallender,jvallendero3@mtv.com,Male,Trunovskoye
Raynard,Overbury,roverburyo4@hibu.com,Male,Nashville
Richmound,Tulloch,rtullocho5@archive.org,Male,Curvelo
Judye,Seamark,jseamarko6@goo.ne.jp,Female,Tajao
Cheryl,Soar,csoaro7@timesonline.co.uk,Female,Ningyang
Danila,Davidovitch,ddavidovitcho8@freewebs.com,Female,Saripin
Vic,Nursey,vnurseyo9@huffingtonpost.com,Male,Cauday
Marylinda,Akerman,makermanoa@chicagotribune.com,Female,Americana
Katey,Kerrane,kkerraneob@twitter.com,Female,Pipa
Nels,Megroff,nmegroffoc@google.fr,Male,Huangbei
Javier,McCaster,jmccasterod@paginegialle.it,Male,Seoul
Glenda,Teece,gteeceoe@alibaba.com,Female,Gaocheng
Carmen,Sumnall,csumnallof@artisteer.com,Female,Ciwaru
Latashia,Farnall,lfarnallog@nba.com,Female,Phoenix
Jada,Silverton,jsilvertonoh@sbwire.com,Female,Cikujang
Darcee,Llewellin,dllewellinoi@last.fm,Female,Sandakan
Lanette,Dairton,ldairtonoj@netvibes.com,Female,Longhua
Creighton,Soar,csoarok@psu.edu,Male,Chisht-e Sharīf
Aloysia,Hewkin,ahewkinol@forbes.com,Female,Bayanbulag
Barnebas,Demangeot,bdemangeotom@princeton.edu,Male,Dongtou
Cale,Pattie,cpattieon@intel.com,Male,Pingyang
Maje,Lorincz,mlorinczoo@ifeng.com,Male,Pobé
De,Varley,dvarleyop@github.io,Female,Tsaghkaber
Domini,Lingley,dlingleyoq@ihg.com,Female,Santa María del Real
Yovonnda,Renner,yrenneror@wordpress.org,Female,Mella
Nataniel,Bagot,nbagotos@microsoft.com,Male,Lieqiao
Kelsi,Reames,kreamesot@narod.ru,Female,Icononzo
Hernando,Mewett,hmewettou@hibu.com,Male,Helsingborg
Ruby,Niece,rnieceov@cloudflare.com,Male,Lahar
Beniamino,Langsdon,blangsdonow@ucoz.com,Male,Changchi
Cullan,Hukin,chukinox@vimeo.com,Male,Kalayemule
Randi,Drillot,rdrillotoy@nydailynews.com,Male,Järna
Libbey,Bermingham,lberminghamoz@wordpress.com,Female,Ojrzeń
Timothy,Brittain,tbrittainp0@dedecms.com,Male,Karak City
Maurita,Dorin,mdorinp1@google.co.uk,Female,Juntas
Ardelis,Watkiss,awatkissp2@ezinearticles.com,Female,Baiqiao
Mannie,Gear,mgearp3@devhub.com,Male,Yeshan
Freddi,France,ffrancep4@nsw.gov.au,Female,Boca Raton
Innis,Bagnal,ibagnalp5@weibo.com,Male,Paris 01
Stanislas,Bamell,sbamellp6@dot.gov,Male,Yumani
Leigha,Masseo,lmasseop7@chicagotribune.com,Female,Huo’erqi
Cam,Parkman,cparkmanp8@jalbum.net,Female,Linhares
Cointon,Petronis,cpetronisp9@google.com.br,Male,Reisjärvi
Briant,Ambrus,bambruspa@usnews.com,Male,Harjamukti
Euell,Corradeschi,ecorradeschipb@archive.org,Male,Trzciana
Tanney,McPaike,tmcpaikepc@youku.com,Male,‘Afīf
Shanta,Baldoni,sbaldonipd@icio.us,Female,Teknāf
Auberon,Casserley,acasserleype@wikimedia.org,Male,Manay
Sheffie,Teaser,steaserpf@fda.gov,Male,Paris 17
Shalne,Eddington,seddingtonpg@patch.com,Female,Sukorejo
Ardelis,Rosenschein,arosenscheinph@mysql.com,Female,Lingkou
Yorke,Lube,ylubepi@cargocollective.com,Male,Itapevi
Patsy,Danher,pdanherpj@theatlantic.com,Male,Altay
Rowney,Gheraldi,rgheraldipk@mozilla.com,Male,Pasirmalang
Geoff,Goaley,ggoaleypl@census.gov,Male,Panggungsari
Kilian,Gartshore,kgartshorepm@sphinn.com,Male,Buhe
Krissie,Kaine,kkainepn@twitter.com,Female,Tournai
Hammad,Gleder,hglederpo@disqus.com,Male,Caocun
Thorpe,Dunkerly,tdunkerlypp@symantec.com,Male,Lučko
Audrye,Rust,arustpq@google.co.jp,Female,Lille
Eachelle,Mallion,emallionpr@google.nl,Female,Libog
Tova,Innes,tinnesps@google.com.au,Female,Dartang
Briant,Songest,bsongestpt@163.com,Male,Tawun
Linoel,Di Biasi,ldibiasipu@odnoklassniki.ru,Male,Huangdi
Barbabas,Bleue,bbleuepv@ovh.net,Male,Hallstavik
Daniela,Swinburn,dswinburnpw@mashable.com,Female,Hongshanyao
Sheffy,Petch,spetchpx@altervista.org,Male,Talibura
Milt,Manchett,mmanchettpy@nytimes.com,Male,Konstantinovo
Wyn,Dewfall,wdewfallpz@bigcartel.com,Male,Janaka
Allistir,Newey,aneweyq0@hhs.gov,Male,Huifeng
Nadine,Kenworth,nkenworthq1@ca.gov,Female,Shijiazhuang
Braden,Knuckles,bknucklesq2@tumblr.com,Male,Yongchuan
Marcy,Glassman,mglassmanq3@bluehost.com,Female,Changtan
Gennifer,Manifold,gmanifoldq4@harvard.edu,Female,Skuhrov nad Bělou
Cletis,Jursch,cjurschq5@behance.net,Male,Limoeiro do Norte
Sid,Noone,snooneq6@homestead.com,Male,Xinghua
Yorke,Ellor,yellorq7@simplemachines.org,Male,Huyunxiang
Sallie,MacHoste,smachosteq8@discovery.com,Female,Qal‘at al Andalus
Thedric,Comins,tcominsq9@gravatar.com,Male,Malati
Myrlene,Buck,mbuckqa@gravatar.com,Female,Panadura
Ritchie,Fairey,rfaireyqb@si.edu,Male,Safi
Zack,McChesney,zmcchesneyqc@aol.com,Male,Al Fujayrah
Meta,Lytle,mlytleqd@boston.com,Female,Mamanguape
Aggie,Tythacott,atythacottqe@apache.org,Female,Sacramento
Ninnette,Yellowley,nyellowleyqf@livejournal.com,Female,Semiletka
Martina,Fleeming,mfleemingqg@opensource.org,Female,Néa Magnisía
Nolan,Trethewey,ntretheweyqh@bigcartel.com,Male,Milaor
Morie,Plewman,mplewmanqi@ebay.com,Male,Luwan
Cornall,Fawckner,cfawcknerqj@smugmug.com,Male,Sanjie
Mariann,Murney,mmurneyqk@state.gov,Female,Zykovo
Leisha,Lacheze,llachezeql@abc.net.au,Female,Simuay
Joyann,McTurlough,jmcturloughqm@hostgator.com,Female,Barranqueras
Clyde,Dingley,cdingleyqn@hatena.ne.jp,Male,Jendouba
Alvie,Farnhill,afarnhillqo@feedburner.com,Male,Wan’an
Andrus,MacCroary,amaccroaryqp@ow.ly,Male,Skrwilno
Josiah,Sharer,jsharerqq@ovh.net,Male,Leiden
Deidre,Wadly,dwadlyqr@howstuffworks.com,Female,Niños Heroes
Tonie,McMurty,tmcmurtyqs@usa.gov,Female,Angers
Yuma,Patriche,ypatricheqt@hc360.com,Male,Bacnar
Ferdy,Dutt,fduttqu@phpbb.com,Male,Erdenet
Raeann,Weedall,rweedallqv@ucla.edu,Female,Ciasna
Dael,Mityushkin,dmityushkinqw@timesonline.co.uk,Male,Tembau
Joachim,Thorby,jthorbyqx@histats.com,Male,La Virtud
Erskine,Deane,edeaneqy@indiatimes.com,Male,Málaga
Bone,Pinkie,bpinkieqz@issuu.com,Male,Bondoboghila
Nilson,Heinke,nheinker0@godaddy.com,Male,Xijia
Isidora,Cubitt,icubittr1@samsung.com,Female,Xijiang
Renard,Mallard,rmallardr2@istockphoto.com,Male,Zelenodolsk
Mic,Sarvar,msarvarr3@imdb.com,Male,Nikolayevsk
Dennis,Pockett,dpockettr4@ucoz.ru,Male,Saratak
Rosaleen,Rouff,rrouffr5@histats.com,Female,Paris 14
Olwen,Forrestall,oforrestallr6@newsvine.com,Female,Sokolniki
Olia,Saxton,osaxtonr7@marketwatch.com,Female,Fanhu
Xylina,McEvon,xmcevonr8@scientificamerican.com,Female,Magrath
Celestyna,Richardson,crichardsonr9@1und1.de,Female,Khorosheve
Alair,Depka,adepkara@alexa.com,Male,La Unión
Olympie,Killingbeck,okillingbeckrb@i2i.jp,Female,Nurmo
Ashton,Miliffe,amilifferc@chronoengine.com,Male,Otwock
Hughie,Shellard,hshellardrd@blogspot.com,Male,Tocok
Melony,Lewin,mlewinre@tripod.com,Female,Yantang
Griff,Golledge,ggolledgerf@t-online.de,Male,Sukarama
Sigismondo,Karlqvist,skarlqvistrg@intel.com,Male,Taurisma
Rodrick,Callam,rcallamrh@cbsnews.com,Male,Chistopol’
Therine,Waslin,twaslinri@goo.gl,Female,Xuwei
Jenilee,Kernoghan,jkernoghanrj@squidoo.com,Female,Wum
Thaddus,Walsom,twalsomrk@netlog.com,Male,Shangbahe
Oralle,Dumigan,odumiganrl@sfgate.com,Female,Abovyan
Irvine,Skermer,iskermerrm@whitehouse.gov,Male,Stockholm
Massimo,Dwyer,mdwyerrn@google.fr,Male,As Sālimīyah
Shay,Grzes,sgrzesro@ibm.com,Male,Jianshe
Jarad,Kemsley,jkemsleyrp@ebay.com,Male,Tafí del Valle
Gerik,Beddard,gbeddardrq@china.com.cn,Male,Pskov
Ingemar,Hankey,ihankeyrr@wsj.com,Male,Sarāqib
